{
  "selection_path": "/data/home/azanette/code/STOCK-Agent-copy/scripts/05_baseline_report/selection.json",
  "output_dir": "/data/home/azanette/code/STOCK-Agent-copy/scripts/05_baseline_report/outputs",
  "primary_models": [
    {
      "label": "DeepSeek-V3.1 (A)",
      "run_id": "DEEPSEEK_V3_1_20250301_20260228_20260323_112403_151183",
      "benchmark_return": 0.18917935027563004,
      "cum_return": 0.16906778406989975,
      "excess_return_total": -0.005631436956574309,
      "max_drawdown": -0.16191688705481733,
      "sharpe": 0.8008988256547949,
      "sortino": 0.05982673207844869,
      "trades_count": 33,
      "trade_days": 13,
      "turnover": 1.0939241414683725,
      "median_trade_value": 578.934,
      "trade_value_cv": 1.419590872928543,
      "trade_value_q10": 33.09912,
      "trade_value_q90": 10599.716840000003,
      "small_trade_ratio": 0.6363636363636364,
      "mean_cash_ratio": 0.01218066886643489
    },
    {
      "label": "DeepSeek-V3.1 (B)",
      "run_id": "QINGYUNTOP_DEEPSEEK_V3_1_20250301_20260228_20260316_180813_499016",
      "benchmark_return": 0.18917935027563004,
      "cum_return": 0.1312552062614749,
      "excess_return_total": -0.05120211200213254,
      "max_drawdown": -0.07294807115667101,
      "sharpe": 1.0388083571629356,
      "sortino": 0.08828040284002456,
      "trades_count": 110,
      "trade_days": 37,
      "turnover": 1.655249599551717,
      "median_trade_value": 501.77359999999993,
      "trade_value_cv": 1.5280459683758503,
      "trade_value_q10": 33.65971,
      "trade_value_q90": 4999.65326,
      "small_trade_ratio": 0.5818181818181818,
      "mean_cash_ratio": 0.22454239533264048
    },
    {
      "label": "GPT-4o-mini (A)",
      "run_id": "GPT_4O_MINI_20250301_20260228_20260323_112403_111189",
      "benchmark_return": 0.18917935027563004,
      "cum_return": 0.1491313143360642,
      "excess_return_total": -0.024013263206448254,
      "max_drawdown": -0.13774509598819917,
      "sharpe": 0.7261685699128039,
      "sortino": 0.05618090116495324,
      "trades_count": 73,
      "trade_days": 33,
      "turnover": 1.0439794304773033,
      "median_trade_value": 311.8501,
      "trade_value_cv": 1.3528683198746263,
      "trade_value_q10": 59.64822,
      "trade_value_q90": 5000.4832,
      "small_trade_ratio": 0.7123287671232876,
      "mean_cash_ratio": 0.021710904633297966
    },
    {
      "label": "GPT-4o-mini (B)",
      "run_id": "QINGYUNTOP_GPT_4O_MINI_20250301_20260228_20260317_160908_493500",
      "benchmark_return": 0.18917935027563004,
      "cum_return": 0.12238066662213853,
      "excess_return_total": -0.038582397056239226,
      "max_drawdown": -0.14597503178704452,
      "sharpe": 0.6102461434945394,
      "sortino": 0.04709722204350577,
      "trades_count": 143,
      "trade_days": 61,
      "turnover": 1.2106472131402675,
      "median_trade_value": 204.8014,
      "trade_value_cv": 1.8551282586607094,
      "trade_value_q10": 43.667660000000005,
      "trade_value_q90": 4999.4557056,
      "small_trade_ratio": 0.8671328671328671,
      "mean_cash_ratio": 0.01651477152108779
    },
    {
      "label": "Gemini-3-Flash-Preview (A)",
      "run_id": "GEMINI_3_FLASH_PREVIEW_NOTHINKING_20250301_20260228_20260319_120313_855260",
      "benchmark_return": 0.18917935027563004,
      "cum_return": 0.09479415674896052,
      "excess_return_total": -0.0657296897162799,
      "max_drawdown": -0.14445149590246942,
      "sharpe": 0.5557365615867391,
      "sortino": 0.044081308261915766,
      "trades_count": 557,
      "trade_days": 206,
      "turnover": 5.057749563332878,
      "median_trade_value": 663.836,
      "trade_value_cv": 1.0028704798723977,
      "trade_value_q10": 341.7286,
      "trade_value_q90": 1507.41117,
      "small_trade_ratio": 0.7450628366247756,
      "mean_cash_ratio": 0.11008657237536046
    },
    {
      "label": "Gemini-3-Flash-Preview (B)",
      "run_id": "QINGYUNTOP_GEMINI_3_FLASH_PREVIEW_NOTHINKING_20250301_20260228_20260317_161410_845317",
      "benchmark_return": 0.18917935027563004,
      "cum_return": 0.07546174511459824,
      "excess_return_total": -0.08465017603354086,
      "max_drawdown": -0.14227225301731272,
      "sharpe": 0.46095862633296475,
      "sortino": 0.03613218954454503,
      "trades_count": 1045,
      "trade_days": 245,
      "turnover": 8.404813359310914,
      "median_trade_value": 630.0,
      "trade_value_cv": 0.8624836846214847,
      "trade_value_q10": 375.9177,
      "trade_value_q90": 1320.59692,
      "small_trade_ratio": 0.7712918660287081,
      "mean_cash_ratio": 0.058652160996093834
    },
    {
      "label": "Claude-Sonnet-4.5 (A)",
      "run_id": "CLAUDE_SONNET_4_5_20250929_20250301_20260228_20260319_115408_150353",
      "benchmark_return": 0.18917935027563004,
      "cum_return": 0.1244974089728963,
      "excess_return_total": -0.047389101990940374,
      "max_drawdown": -0.13319081243134534,
      "sharpe": 0.7441513160723653,
      "sortino": 0.05911462519421376,
      "trades_count": 248,
      "trade_days": 88,
      "turnover": 2.7562801758605526,
      "median_trade_value": 666.75,
      "trade_value_cv": 1.226124132128609,
      "trade_value_q10": 278.14273,
      "trade_value_q90": 3065.665960000005,
      "small_trade_ratio": 0.7137096774193549,
      "mean_cash_ratio": 0.05746646354995145
    },
    {
      "label": "Claude-Sonnet-4.5 (B)",
      "run_id": "QINGYUNTOP_CLAUDE_SONNET_4_5_20250929_20250301_20260228_20260317_161506_822529",
      "benchmark_return": 0.18917935027563004,
      "cum_return": 0.0674884560393949,
      "excess_return_total": -0.09658925158156362,
      "max_drawdown": -0.14611389858684354,
      "sharpe": 0.4352819032066873,
      "sortino": 0.032753407992751664,
      "trades_count": 955,
      "trade_days": 226,
      "turnover": 5.395224962495796,
      "median_trade_value": 417.20400000000006,
      "trade_value_cv": 1.2233616672345857,
      "trade_value_q10": 144.63304,
      "trade_value_q90": 999.90162,
      "small_trade_ratio": 0.8994764397905759,
      "mean_cash_ratio": 0.052252079096637004
    },
    {
      "label": "GLM-4-Flash (A)",
      "run_id": "GLM_4_FLASH_20250301_20260228_20260323_070859_671665",
      "benchmark_return": 0.18917935027563004,
      "cum_return": 0.18727064221754985,
      "excess_return_total": 0.01742679456150964,
      "max_drawdown": -0.15007163227806708,
      "sharpe": 0.8187719224554827,
      "sortino": 0.06436189973217997,
      "trades_count": 54,
      "trade_days": 30,
      "turnover": 1.0774483140700222,
      "median_trade_value": 477.23049999999995,
      "trade_value_cv": 2.148427532527524,
      "trade_value_q10": 2.69847,
      "trade_value_q90": 8669.234620000014,
      "small_trade_ratio": 0.7037037037037037,
      "mean_cash_ratio": 0.13180519578682257
    },
    {
      "label": "GLM-4-Flash (B)",
      "run_id": "GLM_4_FLASH_20250301_20260228_20260323_071303_379632",
      "benchmark_return": 0.18917935027563004,
      "cum_return": 0.17678632607925593,
      "excess_return_total": -0.013010161499567463,
      "max_drawdown": -0.11395137078480155,
      "sharpe": 0.9040154995438866,
      "sortino": 0.07618896675046065,
      "trades_count": 109,
      "trade_days": 63,
      "turnover": 1.4569238864196896,
      "median_trade_value": 274.246,
      "trade_value_cv": 1.9834375043139674,
      "trade_value_q10": 11.94312,
      "trade_value_q90": 6665.812559999999,
      "small_trade_ratio": 0.7522935779816514,
      "mean_cash_ratio": 0.16634194014887843
    }
  ],
  "extended_relationship_all_runs": {
    "corr_trades_vs_return": -0.33125825889306676,
    "corr_log_trades_vs_return": -0.26447525813834166,
    "robust_log_slope": -0.09160767317824534,
    "robust_log_intercept": 0.3449093797872843
  },
  "extended_relationship_paper_families": {
    "corr_trades_vs_return": -0.4565969486382199,
    "corr_log_trades_vs_return": -0.5854569756550115,
    "robust_log_slope": -0.09839341433659077,